protein_name,uniprot_id,organism,surface_hbond_donor_density,surface_hbond_acceptor_density,surface_pos_residue_frac,surface_neg_residue_frac,surface_hydrophobic_frac,surface_aromatic_frac,min_dimension_A,effective_diameter_A,mean_plddt,surface_residue_fraction,surface_residue_count
Albumin,P02768,Homo sapiens,45.3376205788,49.8392282958,0.234726688103,0.257234726688,0.286173633441,0.0707395498392,55.5647813614,73.675332886,92.5708830795,0.510673234811,311
Lysozyme C,P61626,Homo sapiens,49.4117647059,35.2941176471,0.235294117647,0.0941176470588,0.317647058824,0.0470588235294,29.4744263264,46.9674814368,94.4264131374,0.574324324324,85
Albumin,P02769,Bos taurus,47.0394736842,51.3157894737,0.240131578947,0.259868421053,0.263157894737,0.0625,67.1664956784,76.514378565,93.3027029254,0.500823723229,304
Ovalbumin,P01012,Gallus gallus,51.1904761905,56.5476190476,0.166666666667,0.214285714286,0.22619047619,0.0119047619048,44.9319755626,56.0396485153,92.6887221298,0.435233160622,168
Avidin,P02701,Gallus gallus,49.1071428571,41.9642857143,0.169642857143,0.0892857142857,0.366071428571,0.0357142857143,36.6792480798,54.7910620079,91.0756234097,0.736842105263,112
Streptavidin,P22629,Streptomyces avidinii,46.6165413534,44.3609022556,0.12030075188,0.0902255639098,0.375939849624,0.0300751879699,44.3514775732,62.9013050665,85.3214221219,0.726775956284,133
Concanavalin-A,P02866,Canavalia ensiformis,49.6932515337,48.4662576687,0.134969325153,0.116564417178,0.39263803681,0.0981595092025,44.2698399701,65.4830295952,88.9098424842,0.562068965517,163
Pancreatic trypsin inhibitor,P00974,Bos taurus,40.9638554217,32.5301204819,0.144578313253,0.0722891566265,0.469879518072,0.0361445783133,27.1878814947,46.2694191126,84.1425989446,0.83,83
Ribonuclease pancreatic,P61823,Bos taurus,55.1020408163,46.9387755102,0.173469387755,0.0714285714286,0.367346938776,0.0510204081633,32.1178450257,49.9607924726,94.1568995633,0.653333333333,98
Deoxyribonuclease-1,P00639,Bos taurus,54.4117647059,55.1470588235,0.147058823529,0.125,0.301470588235,0.0661764705882,40.0832104168,53.2761224137,94.9464975079,0.482269503546,136
Serine protease 1,P00760,Bos taurus,56.6929133858,52.7559055118,0.110236220472,0.0629921259843,0.314960629921,0.0866141732283,33.2317378914,54.4892067381,93.0165687361,0.516260162602,127
Chymotrypsinogen A,P00766,Bos taurus,60,50.4347826087,0.165217391304,0.0608695652174,0.278260869565,0.0521739130435,41.4783727288,44.6073121408,93.8058421345,0.469387755102,115
Pepsin A,P00791,Sus scrofa,50,58.2352941176,0.0647058823529,0.164705882353,0.276470588235,0.0352941176471,45.5061293859,62.5497603713,94.6517487091,0.441558441558,170
Papain,P00784,Carica papaya,54.0229885057,49.4252873563,0.155172413793,0.114942528736,0.333333333333,0.109195402299,42.1114593938,62.6635863341,90.5668292683,0.504347826087,174
Proteinase K,P06873,Parengyodontium album,50,47.8494623656,0.134408602151,0.10752688172,0.338709677419,0.0645161290323,46.1154226267,68.1457371919,92.4608480565,0.484375,186
Carbonic anhydrase 2,P00921,Bos taurus,46.3414634146,45.5284552846,0.227642276423,0.178861788618,0.284552845528,0.0569105691057,42.0972848316,47.3912224906,97.3344956353,0.473076923077,123
Catalase,P00432,Bos taurus,44.3686006826,44.0273037543,0.19795221843,0.146757679181,0.378839590444,0.122866894198,75.0258013285,79.4037612115,95.9683360869,0.555977229602,293
Peroxidase C1A,P00433,Armoracia rusticana,50.7936507937,49.7354497354,0.121693121693,0.0899470899471,0.359788359788,0.0582010582011,43.6651947603,70.9433248693,92.5762055046,0.535410764873,189
Glucose oxidase,P13006,Aspergillus niger,49.5689655172,53.8793103448,0.163793103448,0.168103448276,0.293103448276,0.0775862068966,46.425153858,70.0437230622,96.329876943,0.38347107438,232
Alkaline phosphatase,P00634,Escherichia coli (strain K12),46.1538461538,46.1538461538,0.173076923077,0.168269230769,0.3125,0.0432692307692,52.1362881029,78.7767018328,95.9862644009,0.44161358811,208
Beta-galactosidase,P00722,Escherichia coli (strain K12),43.391521197,46.8827930175,0.15710723192,0.174563591022,0.346633416459,0.0598503740648,57.7386345632,78.6105383028,97.9510934079,0.3916015625,401
Green fluorescent protein,P42212,Aequorea victoria,50.4347826087,50.4347826087,0.226086956522,0.2,0.252173913043,0.095652173913,35.524548687,43.9410170156,96.6489767932,0.483193277311,115
Luciferin 4-monooxygenase,P08659,Photinus pyralis,48.2456140351,45.1754385965,0.25,0.197368421053,0.263157894737,0.0789473684211,53.0022771896,65.4824103831,92.707699673,0.414545454545,228
Polyubiquitin-B,P0CG47,Homo sapiens,48.5915492958,47.8873239437,0.218309859155,0.19014084507,0.211267605634,0.0422535211268,37.129499457,50.8801069891,93.7397900552,0.620087336245,142
Insulin,P01308,Homo sapiens,35.4545454545,36.3636363636,0.0818181818182,0.0909090909091,0.5,0.1,29.2582324357,51.5153653996,53.1918593564,1,110
Calmodulin-1,P0DP23,Homo sapiens,38.0952380952,53.3333333333,0.142857142857,0.285714285714,0.257142857143,0.0285714285714,28.4237339002,41.3245403261,85.2181345826,0.704697986577,105
Myoglobin,P68082,Equus caballus,46.7391304348,47.8260869565,0.29347826087,0.217391304348,0.184782608696,0.0978260869565,28.2563082525,38.1831785592,96.858094449,0.597402597403,92
Cytochrome c,P00004,Equus caballus,54.2372881356,40.6779661017,0.338983050847,0.186440677966,0.169491525424,0.0338983050847,26.9276510342,33.8902405213,98.0148495788,0.561904761905,59
Hemoglobin subunit alpha,P69905,Homo sapiens,46.4285714286,41.6666666667,0.27380952381,0.119047619048,0.392857142857,0.142857142857,25.5962478945,35.1785999268,98.0442618384,0.591549295775,84
Hemoglobin subunit beta,P68871,Homo sapiens,47.6744186047,45.3488372093,0.255813953488,0.151162790698,0.325581395349,0.127906976744,27.5871801926,38.7262972936,97.0943147657,0.585034013605,86
Ferritin heavy chain,P02794,Homo sapiens,54.2857142857,59.0476190476,0.247619047619,0.228571428571,0.228571428571,0.104761904762,33.1833107928,43.1002335688,95.6865482574,0.573770491803,105
Ferritin light chain,P02792,Homo sapiens,42.5742574257,45.5445544554,0.247524752475,0.227722772277,0.316831683168,0.0891089108911,31.6577206297,41.961262184,96.6875531915,0.577142857143,101
Serotransferrin,P02787,Homo sapiens,49.5207667732,47.9233226837,0.252396166134,0.201277955272,0.226837060703,0.0415335463259,66.4768438982,81.6678146969,93.3920240964,0.448424068768,313
Beta-lactoglobulin,P02754,Bos taurus,44.1176470588,47.0588235294,0.176470588235,0.205882352941,0.333333333333,0.0294117647059,37.8900796003,51.7966044113,91.6149100072,0.573033707865,102
Beta-casein,P02666,Bos taurus,34.5291479821,37.2197309417,0.0941704035874,0.103139013453,0.551569506726,0.085201793722,53.9775096828,88.1088751359,60.911401922,0.995535714286,223
Glyceraldehyde-3-phosphate dehydrogenase,P04406,Homo sapiens,49.0196078431,43.7908496732,0.222222222222,0.150326797386,0.267973856209,0.0718954248366,44.108403096,54.3265325952,98.1696725838,0.45671641791,153
Alpha-enolase,P06733,Homo sapiens,52.3255813953,43.023255814,0.279069767442,0.168604651163,0.238372093023,0.0523255813953,53.37470791,59.2483179485,97.6762081448,0.396313364055,172
Fructose-bisphosphate aldolase A,P04075,Homo sapiens,47.9452054795,43.8356164384,0.246575342466,0.164383561644,0.301369863014,0.0753424657534,45.6490010981,55.2772560332,96.5321392496,0.401098901099,146
L-lactate dehydrogenase A chain,P00338,Homo sapiens,49.4047619048,41.6666666667,0.232142857143,0.14880952381,0.327380952381,0.0892857142857,45.3952527527,59.829175658,96.0842391304,0.506024096386,168
Triosephosphate isomerase,P60174,Homo sapiens,45.6140350877,45.6140350877,0.184210526316,0.175438596491,0.236842105263,0.0263157894737,42.688525111,46.5971111967,96.8710767591,0.457831325301,114
Pyruvate kinase PKM,P14618,Homo sapiens,44.6721311475,41.393442623,0.241803278689,0.19262295082,0.311475409836,0.0737704918033,53.6433818161,64.1187467622,96.9418128079,0.459510357815,244
Creatine kinase B-type,P12277,Homo sapiens,45.7627118644,48.5875706215,0.209039548023,0.214689265537,0.265536723164,0.0677966101695,46.2371251015,56.0625228292,95.5871257086,0.464566929134,177
Superoxide dismutase [Cu-Zn],P00441,Homo sapiens,41.1111111111,44.4444444444,0.155555555556,0.188888888889,0.266666666667,0.0333333333333,35.5375007922,39.2708249104,97.9547316637,0.584415584416,90
Thioredoxin 1,P0AA25,Escherichia coli (strain K12),36.5079365079,42.8571428571,0.174603174603,0.238095238095,0.301587301587,0.047619047619,33.9430422378,34.2648709764,95.3098795181,0.577981651376,63
Adenylate kinase,P69441,Escherichia coli (strain K12),38.5964912281,41.2280701754,0.219298245614,0.236842105263,0.30701754386,0.0350877192982,40.4726810098,45.8231227438,95.978013285,0.532710280374,114
Dihydrofolate reductase,P0ABQ4,Escherichia coli (strain K12),39.0804597701,48.275862069,0.206896551724,0.241379310345,0.310344827586,0.0804597701149,33.3207036785,39.2456106274,96.5752050473,0.547169811321,87
Protein RecA,P0A7G6,Escherichia coli (strain K12),38.3084577114,40.2985074627,0.189054726368,0.203980099502,0.328358208955,0.0597014925373,74.5047395753,76.484805016,91.4650676183,0.56940509915,201
Lysozyme C,P00698,Gallus gallus,53.0120481928,38.5542168675,0.21686746988,0.0722891566265,0.325301204819,0.0602409638554,30.8449152411,48.6664195692,93.9725374449,0.56462585034,83
D-amino-acid oxidase,P14920,Homo sapiens,51.5923566879,46.4968152866,0.222929936306,0.15923566879,0.292993630573,0.0828025477707,42.1864335998,54.3464478771,96.2580544608,0.452449567723,157
Acetylcholinesterase,P22303,Homo sapiens,43.1578947368,40.350877193,0.189473684211,0.143859649123,0.371929824561,0.0877192982456,59.9403961723,93.9649453056,93.0437356681,0.464169381107,285
Urease,P07374,Canavalia ensiformis,43.5294117647,45.5882352941,0.194117647059,0.188235294118,0.323529411765,0.0764705882353,64.8988532438,78.9162642605,96.238241206,0.404761904762,340
Bilirubin oxidase,Q12737,Albifimbria verrucaria,42.2131147541,46.3114754098,0.106557377049,0.127049180328,0.389344262295,0.0655737704918,60.1778219883,78.322573565,95.0421944751,0.426573426573,244
Alcohol oxidase,P04841,Pichia angusta,47.4074074074,47.7777777778,0.214814814815,0.207407407407,0.3,0.0777777777778,61.7671288039,70.2199062291,97.6825181923,0.406626506024,270
Sorbitol dehydrogenase,P07846,Ovis aries,43.7869822485,40.8284023669,0.207100591716,0.14201183432,0.331360946746,0.0650887573964,43.9455463903,54.2943496894,97.1301808591,0.477401129944,169
F420-dependent formate dehydrogenase 2 subunit beta,F1SVF6,Methanococcus maripaludis (strain DSM 14266 / JCM 13030 / NBRC 101832 / S2 / LL),42.8571428571,49.1428571429,0.245714285714,0.285714285714,0.234285714286,0.0628571428571,45.977117175,54.6990242315,94.5280708263,0.466666666667,175
Phosphotriesterase,A0A0M3HJ56,Ascaris lumbricoides,38.4615384615,43.0769230769,0.123076923077,0.153846153846,0.4,0.0923076923077,29.6900852264,48.7611459407,47.8797642436,1,65
Aldehyde oxidase 1,P80456,Oryctolagus cuniculus,48.3739837398,47.9674796748,0.211382113821,0.184959349593,0.302845528455,0.0609756097561,82.6586233241,91.8203255106,93.8448232103,0.368815592204,492
L-malate dehydrogenase,Q60176,Methanocaldococcus jannaschii (strain ATCC 43067 / DSM 2661 / JAL-1 / JCM 10045 / NBRC 100440),41.4965986395,40.1360544218,0.292517006803,0.258503401361,0.258503401361,0.0544217687075,48.3804899026,55.7809648637,96.586691358,0.4696485623,147
Cholesterol oxidase,P9WMV9,Mycobacterium tuberculosis (strain ATCC 25618 / H37Rv),43.347639485,33.9055793991,0.244635193133,0.137339055794,0.343347639485,0.068669527897,68.1902825482,71.4675766567,94.4526411699,0.403114186851,233
Multidomain esterase,Q9RLB8,Ruminococcus flavefaciens,51.832460733,49.7382198953,0.170157068063,0.143979057592,0.264397905759,0.0680628272251,78.4056981173,90.4289575765,88.3947573628,0.497395833333,382
Tyrosinase,P14679,Homo sapiens,47.6363636364,47.2727272727,0.145454545455,0.130909090909,0.374545454545,0.0872727272727,56.670537168,87.0432685433,89.7909428639,0.519848771267,275
Beta-glucosidase,B1B611,Rosa hybrid cultivar,48.2608695652,48.6956521739,0.204347826087,0.165217391304,0.330434782609,0.121739130435,52.9155732629,78.1689194418,91.7895625872,0.432330827068,230
Aromatic-amino-acid aminotransferase,P04693,Escherichia coli (strain K12),40.2234636872,45.251396648,0.162011173184,0.201117318436,0.357541899441,0.0558659217877,59.7051527173,62.1173004386,98.0217944535,0.450881612091,179
Peroxidase,S5RXM9,Cerrena unicolor,37.5,41.0714285714,0.119047619048,0.142857142857,0.39880952381,0.047619047619,50.3981998524,68.7125872671,94.9728194497,0.466666666667,168
Galactose oxidase,P0CS93,Gibberella zeae,54.2857142857,49.6428571429,0.139285714286,0.0857142857143,0.285714285714,0.0571428571429,48.875556761,79.201465084,94.7233281372,0.411764705882,280
Multifunctional dye peroxidase DyP2,K7N5M8,Amycolatopsis sp. (strain ATCC 39116 / 75iv2),38.9162561576,43.842364532,0.15763546798,0.182266009852,0.325123152709,0.0394088669951,48.1592191848,56.3698679629,96.7899266986,0.4375,203
Probable carboxylesterase Culp7,Q79FA4,Mycobacterium tuberculosis (strain ATCC 25618 / H37Rv),39.603960396,42.5742574257,0.0594059405941,0.0693069306931,0.445544554455,0.049504950495,35.1653088324,43.1972266468,89.101063022,0.540106951872,101
Hexokinase,Q969A8,Toxoplasma gondii,46.5608465608,44.4444444444,0.26455026455,0.201058201058,0.269841269841,0.0634920634921,49.2400701767,61.2831351002,95.0133999445,0.403846153846,189
Phthiodiolone/phenolphthiodiolone dimycocerosates ketoreductase,P9WIB7,Mycobacterium tuberculosis (strain ATCC 25618 / H37Rv),43.2584269663,40.4494382022,0.213483146067,0.157303370787,0.359550561798,0.0674157303371,48.6927095308,55.1840569019,94.3888648834,0.46719160105,178
Luciferase,Q8W209,Pyrocystis lunula,42.2680412371,45.0171821306,0.185567010309,0.189003436426,0.331615120275,0.0756013745704,57.5793958811,90.846278628,86.4401729853,0.470113085622,582
OYE family NADH flavin oxidoreductase 5439,A0A125RY23,Rhodococcus rhodochrous ATCC 17895,41.3793103448,39.6551724138,0.212643678161,0.172413793103,0.373563218391,0.0862068965517,48.1462715294,60.8985034328,93.8916062684,0.4317617866,174
Bifunctional epoxide hydrolase 2,P34914,Mus musculus,45.9349593496,43.0894308943,0.207317073171,0.170731707317,0.317073170732,0.0528455284553,48.1084626168,65.6459313246,93.6895176337,0.4440433213,246
Dehydrogenase/reductase SDR family member 4,Q0E9S7,Canis lupus familiaris,40.8333333333,35.8333333333,0.241666666667,0.175,0.341666666667,0.0666666666667,45.16621574,49.2552763908,95.0522385707,0.470588235294,120
Penicillin G acylase,Q60136,Priestia megaterium,51.7133956386,49.2211838006,0.255451713396,0.224299065421,0.230529595016,0.0623052959502,61.990541572,86.0179256331,90.7255964291,0.400249376559,321
Old yellow enzyme 4,W8NJY1,Didymella rabiei,45.6043956044,47.8021978022,0.21978021978,0.214285714286,0.274725274725,0.0879120879121,47.0657507511,67.0073293468,94.9911402439,0.428235294118,182
Carbon-nitrogen hydrolase family protein,A0A8B6X7C6,Derxia gummosa DSM 723,32.3076923077,32.3076923077,0.215384615385,0.184615384615,0.438461538462,0.0769230769231,39.1034607233,47.7561317965,95.5873056494,0.472727272727,130
thioredoxin-dependent peroxiredoxin,A0A2K4NR68,Arthrospira sp. SRM16,31.3725490196,35.2941176471,0.117647058824,0.156862745098,0.450980392157,0.0392156862745,34.6239409332,50.9939523213,90.1550811574,0.563535911602,102
Monomeric sarcosine oxidase,P40859,Bacillus sp. (strain B-0618),44.1717791411,55.2147239264,0.196319018405,0.282208588957,0.208588957055,0.0490797546012,48.2389169854,58.9119283884,96.5792716535,0.417948717949,163
Lipase B,P41365,Moesziomyces antarcticus,40,35.4838709677,0.103225806452,0.058064516129,0.464516129032,0.0258064516129,50.7334762508,66.3930817407,95.1863436123,0.453216374269,155
Invertase 2,P00724,Saccharomyces cerevisiae (strain ATCC 204508 / S288c),51.3392857143,53.125,0.129464285714,0.165178571429,0.330357142857,0.0982142857143,63.9196277013,70.014989428,93.7223230912,0.421052631579,224
Alpha-amylase,P06278,Bacillus licheniformis,54.7511312217,47.5113122172,0.217194570136,0.117647058824,0.303167420814,0.140271493213,46.5344788257,77.4228822007,95.231898917,0.431640625,221
Subtilisin Carlsberg,P00780,Bacillus licheniformis,53.2338308458,50.7462686567,0.139303482587,0.10447761194,0.333333333333,0.10447761194,44.3492110615,67.5932303047,90.8162385657,0.530343007916,201
Phytase AppA,P07102,Escherichia coli (strain K12),48.0198019802,48.5148514851,0.148514851485,0.133663366337,0.331683168317,0.0445544554455,44.7525648031,68.9009577837,95.5493564955,0.467592592593,202
Cutinase 1,P00590,Fusarium vanettenii,42.2764227642,41.4634146341,0.121951219512,0.113821138211,0.382113821138,0.0162601626016,36.4871561959,56.0921684215,92.0871174377,0.534782608696,123
Thermolysin,P00800,Bacillus thermoproteolyticus,53.3333333333,49.1666666667,0.170833333333,0.120833333333,0.295833333333,0.0916666666667,53.2455480014,81.2586080782,92.3030479774,0.43795620438,240
Glutathione reductase,P06715,Escherichia coli (strain K12),45.9090909091,48.1818181818,0.2,0.181818181818,0.318181818182,0.104545454545,46.2063701743,63.1640845368,98.2966112569,0.488888888889,220
Beta-lactamase TEM,P62593,Escherichia coli,40.8759124088,40.8759124088,0.204379562044,0.175182481752,0.350364963504,0.102189781022,40.4771482385,62.1098050289,94.6920207957,0.479020979021,137
Thioredoxin reductase,P0A9P4,Escherichia coli (strain K12),50.5952380952,52.380952381,0.196428571429,0.178571428571,0.261904761905,0.0833333333333,43.5130480747,53.4197670866,96.8060468943,0.523364485981,168
CRISPR-associated endonuclease Cas9/Csn1,Q99ZW2,Streptococcus pyogenes serotype M1,53.4246575342,49.8630136986,0.280821917808,0.224657534247,0.197260273973,0.0616438356164,73.7030478486,98.3165764445,88.5798005367,0.533625730994,730
Lactoperoxidase,P22079,Homo sapiens,51.6666666667,45,0.203333333333,0.126666666667,0.313333333333,0.0466666666667,58.6382239743,83.0554606913,92.4289899169,0.421348314607,300
Lactotransferrin,P02788,Homo sapiens,50.4761904762,44.7619047619,0.234920634921,0.165079365079,0.250793650794,0.031746031746,51.7747197465,78.2166792908,95.0575938753,0.443661971831,315
Alpha-lactalbumin,P00709,Homo sapiens,37.2093023256,39.5348837209,0.174418604651,0.186046511628,0.395348837209,0.093023255814,29.792516972,50.4239930651,91.5010123239,0.605633802817,86
L-lactate oxidase,Q44467,Aerococcus viridans (strain ATCC 11563 / DSM 20340 / CCUG 4311 / JCM 20461 / NBRC 12219 / NCTC 8251 / M1),47.0967741935,50.9677419355,0.21935483871,0.238709677419,0.251612903226,0.0838709677419,48.1324033822,56.864544528,97.2016960886,0.414438502674,155
Uricase,Q00511,Aspergillus flavus,53.8043478261,50,0.222826086957,0.16847826087,0.29347826087,0.114130434783,44.8564511175,63.4518119704,97.1666487158,0.609271523179,184
"Endo-1,4-beta-xylanase A",P18429,Bacillus subtilis (strain 168),59.8214285714,51.7857142857,0.107142857143,0.0446428571429,0.321428571429,0.125,35.1203649371,55.3339646133,91.4050271903,0.525821596244,112
L-asparaginase 2,P00805,Escherichia coli (strain K12),51.1494252874,48.8505747126,0.16091954023,0.132183908046,0.333333333333,0.0747126436782,48.209419275,67.5741699329,94.9580571649,0.5,174
Chloroperoxidase,P04963,Leptoxyphium fumago,39.7196261682,44.8598130841,0.088785046729,0.116822429907,0.443925233645,0.0794392523364,51.4049981428,71.7314284974,88.3810380986,0.573726541555,214
Catalase-peroxidase,P9WIE5,Mycobacterium tuberculosis (strain ATCC 25618 / H37Rv),38.8379204893,39.755351682,0.162079510703,0.177370030581,0.37003058104,0.0642201834862,64.3874827185,79.0637243502,96.3201739589,0.441891891892,327
Glucose 1-dehydrogenase 1,P39482,Priestia megaterium,41.4814814815,42.962962963,0.17037037037,0.2,0.348148148148,0.0740740740741,45.2709234232,49.8027057758,98.1698884947,0.51724137931,135
Glutathione peroxidase-like peroxiredoxin 1,P36014,Saccharomyces cerevisiae (strain ATCC 204508 / S288c),55.5555555556,46.9135802469,0.246913580247,0.135802469136,0.259259259259,0.0864197530864,40.4645322009,44.1673984352,96.0304442826,0.48502994012,81
